session_id,start_time,end_time,duration_minutes,total_raw_rows,active_raw_rows,max_current_A,max_voltage_V
1,2024-08-12T09:22:15+00:00,2024-08-12T09:26:30+00:00,4.25,62,1,4.0,373.0
2,2024-08-12T11:56:26+00:00,2024-08-12T11:56:26+00:00,0.0,1,0,0.0,343.0
3,2024-08-14T13:56:42+00:00,2024-08-14T13:57:53+00:00,1.18,13,0,0.0,5.0
4,2024-08-15T06:11:39+00:00,2024-08-15T07:17:56+00:00,66.28,862,553,255.0,376.0
5,2024-08-21T12:22:33+00:00,2024-08-21T12:24:41+00:00,2.13,29,0,0.0,6.0
6,2024-08-27T13:29:52+00:00,2024-08-27T13:31:23+00:00,1.52,20,0,0.0,4.0
7,2024-08-28T08:59:50+00:00,2024-08-28T09:18:16+00:00,18.43,266,144,152.0,376.0
8,2024-08-28T09:25:27+00:00,2024-08-28T09:33:00+00:00,7.55,92,27,91.0,375.0
9,2024-08-28T09:50:23+00:00,2024-08-28T10:08:06+00:00,17.72,247,143,142.0,376.0
10,2024-08-29T07:34:54+00:00,2024-08-29T07:50:02+00:00,15.13,220,99,122.0,376.0
11,2024-08-29T08:01:28+00:00,2024-08-29T08:14:57+00:00,13.48,196,74,128.0,376.0
12,2024-08-29T16:58:06+00:00,2024-08-29T18:30:03+00:00,91.95,1340,1115,253.0,376.0
13,2024-09-02T18:59:08+00:00,2024-09-02T20:20:33+00:00,81.42,1191,1022,241.0,411.0
14,2024-09-03T11:07:10+00:00,2024-09-03T12:21:18+00:00,74.13,1027,356,198.0,376.0
15,2024-09-03T14:56:26+00:00,2024-09-03T14:56:57+00:00,0.52,6,0,0.0,4.0
16,2024-09-04T16:20:14+00:00,2024-09-04T17:01:58+00:00,41.73,610,303,181.0,376.0
17,2024-09-05T04:22:00+00:00,2024-09-05T05:07:58+00:00,45.97,600,308,176.0,376.0
18,2024-09-05T19:32:20+00:00,2024-09-05T21:05:21+00:00,93.02,1358,1226,218.0,376.0
19,2024-09-09T17:47:22+00:00,2024-09-09T19:26:05+00:00,98.72,1379,1191,251.0,411.0
20,2024-09-09T19:45:05+00:00,2024-09-09T19:51:13+00:00,6.13,91,20,176.0,375.0
21,2024-09-10T06:12:32+00:00,2024-09-10T06:15:08+00:00,2.6,34,9,92.0,374.0
22,2024-09-10T06:20:17+00:00,2024-09-10T07:02:07+00:00,41.83,608,469,254.0,411.0
23,2024-09-10T07:14:29+00:00,2024-09-10T07:20:48+00:00,6.32,86,26,115.0,375.0
24,2024-09-10T15:21:34+00:00,2024-09-10T16:18:34+00:00,57.0,833,475,254.0,411.0
25,2024-09-11T07:39:26+00:00,2024-09-11T08:25:38+00:00,46.2,672,557,237.0,376.0
26,2024-09-11T14:29:51+00:00,2024-09-11T15:11:28+00:00,41.62,597,403,242.0,411.0
27,2024-09-11T15:22:49+00:00,2024-09-11T15:47:01+00:00,24.2,350,156,163.0,375.0
28,2024-09-12T06:09:05+00:00,2024-09-12T07:06:02+00:00,56.95,832,576,253.0,411.0
29,2024-09-12T11:12:16+00:00,2024-09-12T11:21:18+00:00,9.03,130,66,193.0,375.0
30,2024-09-12T11:43:54+00:00,2024-09-12T11:52:18+00:00,8.4,120,72,245.0,375.0
31,2024-09-12T16:51:35+00:00,2024-09-12T17:27:56+00:00,36.35,530,415,251.0,410.0
32,2024-09-13T06:03:14+00:00,2024-09-13T06:53:22+00:00,50.13,654,488,247.0,411.0
33,2024-09-13T11:31:16+00:00,2024-09-13T12:05:53+00:00,34.62,505,397,233.0,375.0
34,2024-09-13T12:35:45+00:00,2024-09-13T12:41:45+00:00,6.0,82,24,79.0,375.0
35,2024-09-13T12:48:00+00:00,2024-09-13T13:13:02+00:00,25.03,364,145,174.0,376.0
36,2024-09-16T06:10:44+00:00,2024-09-16T07:00:35+00:00,49.85,699,534,250.0,411.0
37,2024-09-16T10:00:06+00:00,2024-09-16T10:05:07+00:00,5.02,71,27,197.0,375.0
38,2024-09-16T10:29:07+00:00,2024-09-16T10:34:24+00:00,5.28,73,22,113.0,374.0
39,2024-09-16T15:24:05+00:00,2024-09-16T16:26:38+00:00,62.55,913,535,219.0,375.0
40,2024-09-17T05:59:35+00:00,2024-09-17T07:18:56+00:00,79.35,1157,671,251.0,411.0
41,2024-09-17T10:03:56+00:00,2024-09-17T10:12:21+00:00,8.42,122,68,194.0,375.0
42,2024-09-17T10:42:07+00:00,2024-09-17T10:50:51+00:00,8.73,125,63,156.0,375.0
43,2024-09-17T17:46:54+00:00,2024-09-17T18:29:50+00:00,42.93,626,482,253.0,375.0
44,2024-09-18T06:09:27+00:00,2024-09-18T06:55:43+00:00,46.27,625,454,251.0,376.0
45,2024-09-18T10:32:56+00:00,2024-09-18T10:38:08+00:00,5.2,75,26,196.0,375.0
46,2024-09-18T10:50:29+00:00,2024-09-18T10:57:00+00:00,6.52,90,28,150.0,375.0
47,2024-09-18T15:39:50+00:00,2024-09-18T16:40:39+00:00,60.82,887,555,243.0,411.0
48,2024-10-11T06:13:44+00:00,2024-10-11T06:37:05+00:00,23.35,273,120,223.0,411.0
49,2024-10-11T06:43:18+00:00,2024-10-11T07:11:55+00:00,28.62,413,346,254.0,411.0
50,2024-10-11T09:37:00+00:00,2024-10-11T09:49:38+00:00,12.63,183,87,249.0,375.0
51,2024-10-11T09:58:41+00:00,2024-10-11T10:14:39+00:00,15.97,230,96,149.0,411.0
52,2024-10-11T14:40:45+00:00,2024-10-11T15:59:00+00:00,78.25,1144,579,210.0,376.0
53,2024-10-14T06:08:20+00:00,2024-10-14T07:14:36+00:00,66.27,968,591,245.0,411.0
54,2024-10-14T15:09:59+00:00,2024-10-14T16:04:44+00:00,54.75,798,470,235.0,376.0
55,2024-10-15T06:09:00+00:00,2024-10-15T06:58:50+00:00,49.83,729,538,248.0,411.0
56,2024-10-15T14:39:42+00:00,2024-10-15T15:41:40+00:00,61.97,903,498,254.0,378.0
57,2024-10-15T15:56:45+00:00,2024-10-15T16:06:48+00:00,10.05,145,67,175.0,375.0
58,2024-10-16T06:04:53+00:00,2024-10-16T07:18:18+00:00,73.42,963,574,249.0,407.0
59,2024-10-16T09:53:45+00:00,2024-10-16T10:25:44+00:00,31.98,398,195,216.0,376.0
60,2024-10-16T10:57:04+00:00,2024-10-16T11:01:29+00:00,4.42,62,25,165.0,375.0
61,2024-10-16T15:40:58+00:00,2024-10-16T16:29:58+00:00,49.0,713,470,255.0,411.0
62,2024-10-17T06:14:29+00:00,2024-10-17T06:58:41+00:00,44.2,643,494,255.0,411.0
63,2024-10-17T13:57:46+00:00,2024-10-17T14:49:24+00:00,51.63,752,473,254.0,407.0
64,2024-10-23T14:58:37+00:00,2024-10-23T14:59:59+00:00,1.37,17,0,1.0,359.0
65,2024-10-28T07:08:05+00:00,2024-10-28T07:56:35+00:00,48.5,707,518,255.0,411.0
66,2024-10-28T17:22:51+00:00,2024-10-28T18:10:21+00:00,47.5,693,493,234.0,375.0
67,2024-10-28T18:16:08+00:00,2024-10-28T18:25:23+00:00,9.25,131,29,150.0,375.0
68,2024-10-29T07:14:47+00:00,2024-10-29T07:25:03+00:00,10.27,146,58,168.0,375.0
69,2024-11-04T08:35:58+00:00,2024-11-04T08:38:51+00:00,2.88,39,8,21.0,409.0
70,2024-11-05T15:45:55+00:00,2024-11-05T15:48:03+00:00,2.13,28,0,1.0,12.0
71,2024-11-06T13:46:16+00:00,2024-11-06T13:47:33+00:00,1.28,15,1,18.0,374.0
72,2024-11-06T14:06:14+00:00,2024-11-06T14:07:52+00:00,1.63,18,1,25.0,369.0
73,2024-11-06T14:50:00+00:00,2024-11-06T14:51:09+00:00,1.15,14,1,13.0,374.0
74,2024-11-06T15:25:41+00:00,2024-11-06T15:26:52+00:00,1.18,14,1,13.0,374.0
75,2024-11-07T13:24:36+00:00,2024-11-07T13:27:23+00:00,2.78,32,4,16.0,410.0
76,2024-11-07T14:19:54+00:00,2024-11-07T14:28:19+00:00,8.42,44,6,14.0,374.0
77,2024-11-08T13:32:27+00:00,2024-11-08T13:35:55+00:00,3.47,46,25,31.0,410.0
78,2024-11-25T07:16:45+00:00,2024-11-25T08:14:10+00:00,57.42,842,539,254.0,411.0
79,2024-11-25T16:34:37+00:00,2024-11-25T17:27:19+00:00,52.7,759,509,251.0,411.0
80,2024-11-26T07:07:02+00:00,2024-11-26T08:22:54+00:00,75.87,1049,620,238.0,411.0
81,2024-11-26T16:42:49+00:00,2024-11-26T17:49:24+00:00,66.58,970,585,225.0,411.0
82,2024-11-27T06:47:14+00:00,2024-11-27T07:37:15+00:00,50.02,714,554,254.0,411.0
83,2024-11-27T17:15:35+00:00,2024-11-27T17:58:55+00:00,43.33,633,486,247.0,411.0
84,2024-11-28T07:18:51+00:00,2024-11-28T08:04:15+00:00,45.4,662,493,215.0,411.0
85,2024-11-28T15:22:21+00:00,2024-11-28T16:29:33+00:00,67.2,909,567,247.0,411.0
86,2024-12-02T07:13:34+00:00,2024-12-02T07:54:14+00:00,40.67,594,497,252.0,411.0
87,2024-12-02T10:59:03+00:00,2024-12-02T11:07:01+00:00,7.97,114,61,183.0,375.0
88,2024-12-02T11:36:02+00:00,2024-12-02T11:43:38+00:00,7.6,109,62,224.0,411.0
89,2024-12-02T16:10:42+00:00,2024-12-02T16:52:06+00:00,41.4,604,471,254.0,411.0
90,2024-12-03T07:09:21+00:00,2024-12-03T07:58:28+00:00,49.12,716,513,236.0,411.0
91,2024-12-03T08:05:45+00:00,2024-12-03T08:11:11+00:00,5.43,74,30,117.0,411.0
92,2024-12-03T18:51:17+00:00,2024-12-03T19:31:10+00:00,39.88,581,477,233.0,411.0
93,2024-12-04T07:07:10+00:00,2024-12-04T07:49:31+00:00,42.35,618,490,246.0,411.0
94,2024-12-04T11:17:30+00:00,2024-12-04T11:22:57+00:00,5.45,77,36,135.0,410.0
95,2024-12-04T11:58:21+00:00,2024-12-04T12:04:38+00:00,6.28,86,39,153.0,410.0
96,2024-12-04T16:30:02+00:00,2024-12-04T17:46:12+00:00,76.17,936,532,252.0,411.0
97,2024-12-05T09:28:16+00:00,2024-12-05T09:54:32+00:00,26.27,365,167,192.0,411.0
98,2024-12-05T12:21:46+00:00,2024-12-05T12:41:42+00:00,19.93,289,170,181.0,411.0
99,2024-12-06T11:28:22+00:00,2024-12-06T11:31:13+00:00,2.85,39,13,78.0,374.0
100,2024-12-06T14:59:23+00:00,2024-12-06T15:00:53+00:00,1.5,21,0,0.0,3.0
101,2024-12-06T16:12:51+00:00,2024-12-06T16:15:14+00:00,2.38,32,0,0.0,3.0
102,2024-12-09T07:06:08+00:00,2024-12-09T07:11:38+00:00,5.5,77,54,111.0,374.0
103,2024-12-09T07:18:50+00:00,2024-12-09T08:06:18+00:00,47.47,673,468,192.0,411.0
104,2024-12-09T09:22:49+00:00,2024-12-09T09:25:50+00:00,3.02,41,5,47.0,410.0
105,2024-12-09T10:47:41+00:00,2024-12-09T10:50:43+00:00,3.03,43,4,25.0,410.0
106,2024-12-09T16:45:25+00:00,2024-12-09T17:40:11+00:00,54.77,764,543,234.0,411.0
107,2024-12-10T06:54:38+00:00,2024-12-10T07:57:01+00:00,62.38,910,612,252.0,411.0
108,2024-12-10T11:07:02+00:00,2024-12-10T11:15:13+00:00,8.18,118,64,193.0,410.0
109,2024-12-10T11:43:53+00:00,2024-12-10T11:52:02+00:00,8.15,115,76,149.0,410.0
110,2024-12-10T17:50:15+00:00,2024-12-10T18:51:14+00:00,60.98,820,545,255.0,411.0
111,2024-12-11T07:07:25+00:00,2024-12-11T08:00:46+00:00,53.35,778,594,253.0,411.0
112,2024-12-11T10:56:28+00:00,2024-12-11T11:06:25+00:00,9.95,144,77,208.0,411.0
113,2024-12-11T11:27:55+00:00,2024-12-11T11:35:38+00:00,7.72,110,44,166.0,411.0
114,2024-12-11T16:07:20+00:00,2024-12-11T17:01:41+00:00,54.35,793,536,252.0,411.0
115,2024-12-12T07:03:29+00:00,2024-12-12T07:36:36+00:00,33.12,482,372,236.0,411.0
116,2024-12-12T08:16:30+00:00,2024-12-12T08:40:04+00:00,23.57,342,155,204.0,411.0
117,2024-12-12T08:54:53+00:00,2024-12-12T09:40:21+00:00,45.47,607,334,255.0,411.0
118,2024-12-12T09:57:26+00:00,2024-12-12T10:04:51+00:00,7.42,105,26,139.0,375.0
119,2024-12-16T10:01:23+00:00,2024-12-16T10:34:59+00:00,33.6,489,432,254.0,411.0
120,2024-12-16T11:03:05+00:00,2024-12-16T11:08:17+00:00,5.2,73,27,165.0,411.0
121,2024-12-16T15:36:15+00:00,2024-12-16T16:31:24+00:00,55.15,776,504,254.0,411.0
122,2024-12-16T18:37:48+00:00,2024-12-16T18:43:24+00:00,5.6,79,38,120.0,411.0
123,2024-12-16T19:09:25+00:00,2024-12-16T19:16:12+00:00,6.78,97,15,101.0,411.0
124,2024-12-17T08:18:18+00:00,2024-12-17T08:32:28+00:00,14.17,205,135,192.0,375.0
125,2024-12-17T08:41:43+00:00,2024-12-17T09:22:47+00:00,41.07,597,482,254.0,411.0
126,2024-12-17T11:15:13+00:00,2024-12-17T11:22:47+00:00,7.57,108,54,207.0,411.0
127,2024-12-17T11:49:44+00:00,2024-12-17T11:58:23+00:00,8.65,121,45,202.0,411.0
128,2024-12-17T15:24:31+00:00,2024-12-17T16:28:15+00:00,63.73,930,630,248.0,411.0
129,2024-12-18T08:21:21+00:00,2024-12-18T09:05:25+00:00,44.07,643,576,215.0,411.0
130,2024-12-18T12:00:26+00:00,2024-12-18T12:08:31+00:00,8.08,115,58,151.0,375.0
131,2024-12-18T12:44:59+00:00,2024-12-18T12:52:30+00:00,7.52,108,66,130.0,375.0
132,2024-12-18T16:21:50+00:00,2024-12-18T16:57:31+00:00,35.68,521,402,208.0,376.0
133,2024-12-18T17:04:05+00:00,2024-12-18T17:33:02+00:00,28.95,421,144,243.0,375.0
134,2024-12-19T07:26:17+00:00,2024-12-19T07:40:52+00:00,14.58,211,137,176.0,411.0
135,2024-12-19T10:40:37+00:00,2024-12-19T11:21:03+00:00,40.43,590,479,252.0,399.0
136,2024-12-19T11:31:47+00:00,2024-12-19T11:39:05+00:00,7.3,104,46,196.0,375.0
137,2024-12-19T11:53:34+00:00,2024-12-19T12:02:12+00:00,8.63,120,41,94.0,375.0
138,2024-12-19T15:54:22+00:00,2024-12-19T16:30:10+00:00,35.8,523,410,252.0,411.0
139,2024-12-19T16:38:15+00:00,2024-12-19T17:01:14+00:00,22.98,333,158,209.0,375.0
140,2025-01-07T07:10:44+00:00,2025-01-07T07:50:09+00:00,39.42,575,500,252.0,411.0
141,2025-01-07T11:11:29+00:00,2025-01-07T11:15:52+00:00,4.38,60,26,170.0,410.0
142,2025-01-07T11:45:16+00:00,2025-01-07T11:50:58+00:00,5.7,77,41,166.0,410.0
143,2025-01-07T16:13:26+00:00,2025-01-07T16:53:43+00:00,40.28,589,478,251.0,411.0
144,2025-01-08T17:16:02+00:00,2025-01-08T17:22:55+00:00,6.88,97,53,153.0,410.0
145,2025-01-09T07:16:48+00:00,2025-01-09T08:06:29+00:00,49.68,726,479,248.0,411.0
146,2025-01-09T16:48:20+00:00,2025-01-09T17:34:29+00:00,46.15,674,502,235.0,411.0
147,2025-01-13T07:16:43+00:00,2025-01-13T08:03:26+00:00,46.72,682,562,247.0,411.0
148,2025-01-13T11:25:43+00:00,2025-01-13T11:31:09+00:00,5.43,76,38,146.0,410.0
149,2025-01-13T11:58:21+00:00,2025-01-13T12:03:07+00:00,4.77,65,33,182.0,410.0
150,2025-01-13T16:42:57+00:00,2025-01-13T17:30:32+00:00,47.58,691,532,255.0,411.0
151,2025-01-14T06:58:41+00:00,2025-01-14T07:55:01+00:00,56.33,749,572,253.0,411.0
152,2025-01-14T16:46:23+00:00,2025-01-14T17:30:42+00:00,44.32,646,476,246.0,411.0
153,2025-01-15T07:09:41+00:00,2025-01-15T08:04:17+00:00,54.6,796,562,200.0,411.0
154,2025-01-15T15:56:07+00:00,2025-01-15T16:51:22+00:00,55.25,806,519,221.0,411.0
155,2025-01-16T07:10:54+00:00,2025-01-16T08:03:17+00:00,52.38,764,555,247.0,411.0
156,2025-01-16T16:21:49+00:00,2025-01-16T17:28:06+00:00,66.28,910,553,245.0,411.0
157,2025-01-16T19:55:02+00:00,2025-01-16T20:03:23+00:00,8.35,121,66,121.0,410.0
158,2025-01-17T11:40:28+00:00,2025-01-17T11:49:25+00:00,8.95,127,57,121.0,410.0
159,2025-04-24T10:28:34+00:00,2025-04-24T10:40:54+00:00,12.33,155,73,82.0,375.0
160,2025-04-24T10:47:46+00:00,2025-04-24T10:55:36+00:00,7.83,112,62,176.0,375.0
161,2025-04-24T15:06:23+00:00,2025-04-24T16:06:58+00:00,60.58,812,514,239.0,411.0
162,2025-04-25T06:22:15+00:00,2025-04-25T06:25:16+00:00,3.02,41,9,24.0,410.0
163,2025-04-25T09:23:57+00:00,2025-04-25T09:25:46+00:00,1.82,23,3,20.0,366.0
164,2025-04-25T09:38:35+00:00,2025-04-25T09:38:35+00:00,0.0,1,0,0.0,6.0
165,2025-04-25T09:58:28+00:00,2025-04-25T09:59:31+00:00,1.05,11,0,2.0,22.0
166,2025-04-28T06:17:37+00:00,2025-04-28T06:24:41+00:00,7.07,96,2,21.0,374.0
167,2025-04-28T06:56:20+00:00,2025-04-28T07:00:19+00:00,3.98,53,49,23.0,375.0
168,2025-04-28T07:42:19+00:00,2025-04-28T07:43:01+00:00,0.7,4,1,11.0,375.0
169,2025-04-28T12:03:44+00:00,2025-04-28T12:40:14+00:00,36.5,509,286,192.0,377.0
170,2025-04-28T12:52:10+00:00,2025-04-28T13:33:48+00:00,41.63,596,492,248.0,376.0
171,2025-04-30T13:03:40+00:00,2025-04-30T13:05:09+00:00,1.48,15,1,17.0,374.0
172,2025-04-30T13:12:39+00:00,2025-04-30T13:14:17+00:00,1.63,22,0,0.0,6.0
173,2025-05-07T07:29:13+00:00,2025-05-07T07:32:22+00:00,3.15,32,5,55.0,410.0
174,2025-05-09T12:21:48+00:00,2025-05-09T12:24:59+00:00,3.18,48,0,1.0,4.0
175,2025-05-09T16:10:41+00:00,2025-05-09T16:12:34+00:00,1.88,24,1,20.0,373.0
176,2025-05-14T10:56:39+00:00,2025-05-14T10:56:39+00:00,0.0,1,0,,
177,2025-05-14T11:40:49+00:00,2025-05-14T11:42:33+00:00,1.73,29,4,35.0,374.0
178,2025-05-14T14:15:31+00:00,2025-05-14T14:24:00+00:00,8.48,123,61,195.0,375.0
179,2025-05-15T06:01:10+00:00,2025-05-15T06:27:12+00:00,26.03,377,231,227.0,375.0
180,2025-05-15T09:25:20+00:00,2025-05-15T09:32:58+00:00,7.63,63,0,0.0,4.0
181,2025-05-15T11:15:01+00:00,2025-05-15T11:15:01+00:00,0.0,1,0,0.0,2.0
182,2025-05-15T11:44:50+00:00,2025-05-15T11:52:49+00:00,7.98,39,5,73.0,375.0
183,2025-05-15T12:08:27+00:00,2025-05-15T12:09:51+00:00,1.4,18,0,0.0,5.0
184,2025-05-19T07:35:40+00:00,2025-05-19T07:37:18+00:00,1.63,22,0,0.0,3.0
185,2025-05-19T07:49:51+00:00,2025-05-19T07:52:25+00:00,2.57,34,0,1.0,5.0
186,2025-05-19T08:50:00+00:00,2025-05-19T08:52:20+00:00,2.33,29,9,25.0,372.0
187,2025-05-19T10:10:54+00:00,2025-05-19T10:13:59+00:00,3.08,43,0,1.0,4.0
188,2025-05-20T07:25:44+00:00,2025-05-20T07:30:27+00:00,4.72,33,0,0.0,3.0
189,2025-05-20T11:10:30+00:00,2025-05-20T11:12:22+00:00,1.87,28,6,26.0,372.0
190,2025-05-20T15:02:01+00:00,2025-05-20T15:05:45+00:00,3.73,49,0,0.0,4.0
191,2025-05-20T15:12:39+00:00,2025-05-20T15:19:43+00:00,7.07,38,1,24.0,361.0
192,2025-05-21T10:29:58+00:00,2025-05-21T11:05:09+00:00,35.18,513,291,243.0,376.0
193,2025-05-22T06:31:30+00:00,2025-05-22T07:16:55+00:00,45.42,663,496,254.0,411.0
194,2025-05-22T10:25:17+00:00,2025-05-22T10:32:39+00:00,7.37,105,46,156.0,375.0
195,2025-05-22T10:51:44+00:00,2025-05-22T11:01:02+00:00,9.3,132,60,111.0,375.0
196,2025-05-22T15:00:13+00:00,2025-05-22T16:00:56+00:00,60.72,885,574,253.0,411.0
197,2025-05-23T06:12:01+00:00,2025-05-23T06:17:13+00:00,5.2,75,38,177.0,410.0
198,2025-05-23T06:28:24+00:00,2025-05-23T07:19:15+00:00,50.85,657,468,253.0,411.0
199,2025-05-23T10:22:57+00:00,2025-05-23T10:32:02+00:00,9.08,131,59,120.0,375.0
200,2025-05-23T10:59:42+00:00,2025-05-23T11:06:17+00:00,6.58,94,22,124.0,375.0
201,2025-05-23T11:15:19+00:00,2025-05-23T11:21:04+00:00,5.75,78,36,103.0,375.0
202,2025-05-23T15:12:33+00:00,2025-05-23T15:59:20+00:00,46.78,683,506,249.0,376.0
203,2025-05-26T06:14:12+00:00,2025-05-26T06:56:14+00:00,42.03,604,483,254.0,404.0
204,2025-05-26T10:07:08+00:00,2025-05-26T10:16:05+00:00,8.95,129,46,195.0,375.0
205,2025-05-26T10:34:49+00:00,2025-05-26T10:43:24+00:00,8.58,122,44,131.0,375.0
206,2025-05-26T15:01:16+00:00,2025-05-26T15:53:13+00:00,51.95,758,505,238.0,411.0
207,2025-05-26T18:24:45+00:00,2025-05-26T18:43:04+00:00,18.32,264,123,166.0,375.0
208,2025-05-27T05:23:00+00:00,2025-05-27T06:27:44+00:00,64.73,945,662,249.0,411.0
209,2025-05-27T09:35:10+00:00,2025-05-27T09:43:25+00:00,8.25,120,44,194.0,375.0
210,2025-05-27T10:05:02+00:00,2025-05-27T10:13:00+00:00,7.97,110,40,128.0,375.0
211,2025-05-27T16:10:01+00:00,2025-05-27T17:02:04+00:00,52.05,760,504,212.0,410.0
212,2025-05-27T20:05:11+00:00,2025-05-27T20:18:51+00:00,13.67,199,28,84.0,375.0
213,2025-05-28T06:05:48+00:00,2025-05-28T07:10:35+00:00,64.78,881,591,246.0,376.0
214,2025-05-28T10:10:47+00:00,2025-05-28T10:29:38+00:00,18.85,226,122,185.0,375.0
215,2025-05-28T17:35:28+00:00,2025-05-28T18:27:28+00:00,52.0,762,512,255.0,410.0
216,2025-06-02T05:57:13+00:00,2025-06-02T05:59:07+00:00,1.9,26,3,21.0,361.0
217,2025-06-03T06:31:24+00:00,2025-06-03T07:13:30+00:00,42.1,615,484,252.0,411.0
218,2025-06-03T10:07:28+00:00,2025-06-03T10:16:26+00:00,8.97,129,49,111.0,375.0
219,2025-06-03T10:48:15+00:00,2025-06-03T10:57:40+00:00,9.42,132,51,155.0,375.0
220,2025-06-03T14:29:32+00:00,2025-06-03T14:59:10+00:00,29.63,432,357,247.0,412.0
221,2025-06-03T15:39:12+00:00,2025-06-03T16:12:40+00:00,33.47,428,185,179.0,376.0
222,2025-06-10T06:20:03+00:00,2025-06-10T07:02:14+00:00,42.18,614,479,235.0,376.0
223,2025-06-10T10:01:48+00:00,2025-06-10T10:10:40+00:00,8.87,127,56,179.0,375.0
224,2025-06-10T10:59:25+00:00,2025-06-10T11:08:06+00:00,8.68,125,70,179.0,375.0
225,2025-06-10T16:15:19+00:00,2025-06-10T16:58:02+00:00,42.72,623,484,243.0,412.0
226,2025-06-11T06:10:43+00:00,2025-06-11T06:55:01+00:00,44.3,620,451,250.0,411.0
227,2025-06-11T10:05:39+00:00,2025-06-11T10:14:42+00:00,9.05,130,54,195.0,375.0
228,2025-06-11T10:38:41+00:00,2025-06-11T10:47:27+00:00,8.77,125,43,173.0,375.0
229,2025-06-11T15:13:55+00:00,2025-06-11T16:05:33+00:00,51.63,752,544,253.0,411.0
230,2025-06-12T06:11:12+00:00,2025-06-12T06:57:54+00:00,46.7,680,504,203.0,376.0
231,2025-06-12T10:07:49+00:00,2025-06-12T10:15:56+00:00,8.12,116,43,206.0,375.0
232,2025-06-12T10:40:50+00:00,2025-06-12T10:50:32+00:00,9.7,139,55,91.0,376.0
233,2025-06-12T14:54:51+00:00,2025-06-12T14:57:12+00:00,2.35,32,1,16.0,360.0
234,2025-06-12T15:04:12+00:00,2025-06-12T15:55:50+00:00,51.63,750,506,246.0,376.0
235,2025-06-17T06:10:53+00:00,2025-06-17T06:17:19+00:00,6.43,92,36,59.0,375.0
236,2025-06-17T06:24:16+00:00,2025-06-17T07:19:46+00:00,55.5,741,478,215.0,376.0
237,2025-06-17T10:49:12+00:00,2025-06-17T10:56:33+00:00,7.35,106,52,203.0,375.0
238,2025-06-17T11:31:15+00:00,2025-06-17T11:38:57+00:00,7.7,108,61,109.0,375.0
239,2025-06-17T15:15:01+00:00,2025-06-17T16:07:35+00:00,52.57,767,512,236.0,376.0
240,2025-06-18T06:10:55+00:00,2025-06-18T06:56:26+00:00,45.52,666,476,247.0,411.0
241,2025-06-18T09:57:55+00:00,2025-06-18T10:05:33+00:00,7.63,109,31,209.0,375.0
242,2025-06-18T10:27:53+00:00,2025-06-18T10:35:42+00:00,7.82,109,38,194.0,375.0
243,2025-06-18T13:42:43+00:00,2025-06-18T14:47:54+00:00,65.18,895,508,247.0,412.0
244,2025-06-23T11:28:12+00:00,2025-06-23T11:31:32+00:00,3.33,44,4,25.0,375.0
245,2025-06-23T13:56:52+00:00,2025-06-23T14:13:44+00:00,16.87,218,69,158.0,375.0
246,2025-06-23T14:23:31+00:00,2025-06-23T14:49:43+00:00,26.2,324,76,137.0,376.0
247,2025-06-23T15:04:00+00:00,2025-06-23T15:06:10+00:00,2.17,28,0,0.0,5.0
248,2025-06-24T09:10:46+00:00,2025-06-24T09:10:46+00:00,0.0,1,0,0.0,2.0
249,2025-06-24T12:10:59+00:00,2025-06-24T12:12:01+00:00,1.03,11,0,0.0,4.0
250,2025-06-24T12:17:48+00:00,2025-06-24T12:22:29+00:00,4.68,64,0,0.0,3.0
251,2025-06-25T06:26:46+00:00,2025-06-25T06:28:07+00:00,1.35,17,1,22.0,374.0
252,2025-06-27T06:22:01+00:00,2025-06-27T06:22:01+00:00,0.0,1,0,0.0,5.0
253,2025-06-27T10:58:18+00:00,2025-06-27T11:00:32+00:00,2.23,28,1,21.0,374.0
254,2025-06-30T05:52:06+00:00,2025-06-30T07:01:09+00:00,69.05,1011,564,222.0,376.0
255,2025-06-30T10:38:15+00:00,2025-06-30T10:47:55+00:00,9.67,139,44,111.0,375.0
256,2025-06-30T11:30:51+00:00,2025-06-30T11:39:14+00:00,8.38,121,66,161.0,376.0
257,2025-06-30T18:32:18+00:00,2025-06-30T19:14:26+00:00,42.13,616,462,194.0,376.0
258,2025-07-01T06:00:41+00:00,2025-07-01T06:52:43+00:00,52.03,758,463,242.0,400.0
259,2025-07-01T10:26:44+00:00,2025-07-01T10:36:05+00:00,9.35,134,38,111.0,376.0
260,2025-07-01T11:04:12+00:00,2025-07-01T11:12:25+00:00,8.22,117,47,128.0,375.0
261,2025-07-01T19:33:17+00:00,2025-07-01T20:17:56+00:00,44.65,651,448,247.0,376.0
262,2025-07-02T05:50:09+00:00,2025-07-02T06:04:25+00:00,14.27,129,30,78.0,375.0
263,2025-07-02T06:11:33+00:00,2025-07-02T06:51:33+00:00,40.0,559,417,255.0,412.0
264,2025-07-02T11:13:02+00:00,2025-07-02T11:25:58+00:00,12.93,187,71,101.0,376.0
265,2025-07-02T12:10:42+00:00,2025-07-02T12:19:43+00:00,9.02,129,66,162.0,376.0
266,2025-07-02T19:33:33+00:00,2025-07-02T20:14:00+00:00,40.45,588,442,232.0,376.0
267,2025-07-03T06:08:27+00:00,2025-07-03T06:59:02+00:00,50.58,679,433,252.0,376.0
268,2025-07-03T15:46:31+00:00,2025-07-03T16:39:00+00:00,52.48,764,471,251.0,376.0
269,2025-07-07T11:00:36+00:00,2025-07-07T11:02:44+00:00,2.13,30,6,24.0,374.0
270,2025-07-08T06:24:02+00:00,2025-07-08T07:06:57+00:00,42.92,626,444,253.0,376.0
271,2025-07-08T10:12:56+00:00,2025-07-08T10:21:24+00:00,8.47,122,61,210.0,375.0
272,2025-07-08T11:07:06+00:00,2025-07-08T11:16:28+00:00,9.37,133,66,219.0,375.0
273,2025-07-08T15:29:02+00:00,2025-07-08T16:18:47+00:00,49.75,728,477,247.0,376.0
274,2025-07-09T05:37:20+00:00,2025-07-09T05:43:59+00:00,6.65,96,29,122.0,375.0
275,2025-07-09T06:10:17+00:00,2025-07-09T06:52:26+00:00,42.15,612,456,238.0,376.0
276,2025-07-09T10:01:22+00:00,2025-07-09T10:09:55+00:00,8.55,123,37,205.0,375.0
277,2025-07-09T10:44:50+00:00,2025-07-09T10:53:29+00:00,8.65,122,36,107.0,375.0
278,2025-07-09T15:06:02+00:00,2025-07-09T16:07:11+00:00,61.15,873,495,227.0,376.0
279,2025-07-10T06:06:56+00:00,2025-07-10T07:05:30+00:00,58.57,791,505,216.0,377.0
280,2025-07-10T10:07:19+00:00,2025-07-10T10:15:48+00:00,8.48,119,33,142.0,375.0
281,2025-07-10T10:53:10+00:00,2025-07-10T11:03:03+00:00,9.88,139,42,195.0,375.0
282,2025-07-10T15:14:04+00:00,2025-07-10T16:30:25+00:00,76.35,1039,512,173.0,376.0
283,2025-07-14T11:00:03+00:00,2025-07-14T11:38:32+00:00,38.48,561,472,247.0,411.0
284,2025-07-14T16:32:53+00:00,2025-07-14T17:12:12+00:00,39.32,572,433,252.0,411.0
285,2025-07-15T05:45:04+00:00,2025-07-15T06:56:08+00:00,71.07,1039,604,255.0,408.0
286,2025-07-15T10:19:06+00:00,2025-07-15T10:57:02+00:00,37.93,505,105,205.0,376.0
287,2025-07-15T17:29:57+00:00,2025-07-15T18:16:17+00:00,46.33,677,474,191.0,376.0
288,2025-07-16T06:11:30+00:00,2025-07-16T06:50:36+00:00,39.1,570,441,252.0,375.0
289,2025-07-16T13:39:20+00:00,2025-07-16T14:43:16+00:00,63.93,907,474,255.0,409.0
290,2025-07-17T11:56:52+00:00,2025-07-17T11:58:41+00:00,1.82,25,3,21.0,374.0
291,2025-07-17T12:44:02+00:00,2025-07-17T12:44:52+00:00,0.83,7,0,1.0,11.0
292,2025-07-17T14:16:56+00:00,2025-07-17T14:18:31+00:00,1.58,16,1,18.0,374.0
293,2025-07-18T06:05:36+00:00,2025-07-18T06:42:43+00:00,37.12,544,432,255.0,411.0
294,2025-07-18T09:56:32+00:00,2025-07-18T10:47:30+00:00,50.97,743,456,246.0,376.0
295,2025-07-21T05:58:48+00:00,2025-07-21T06:48:30+00:00,49.7,693,479,225.0,411.0
296,2025-07-21T10:06:24+00:00,2025-07-21T10:15:05+00:00,8.68,125,40,202.0,375.0
297,2025-07-21T10:55:25+00:00,2025-07-21T11:04:45+00:00,9.33,134,56,122.0,375.0
298,2025-07-21T14:27:45+00:00,2025-07-21T15:24:35+00:00,56.83,830,516,227.0,376.0
299,2025-07-22T07:40:54+00:00,2025-07-22T07:48:02+00:00,7.13,103,33,95.0,375.0
300,2025-07-23T06:20:42+00:00,2025-07-23T07:06:47+00:00,46.08,673,484,242.0,411.0
301,2025-07-23T09:39:13+00:00,2025-07-23T09:43:27+00:00,4.23,60,18,150.0,375.0
302,2025-07-23T09:49:57+00:00,2025-07-23T10:05:33+00:00,15.6,174,67,177.0,375.0
303,2025-07-23T10:41:48+00:00,2025-07-23T10:49:44+00:00,7.93,113,35,158.0,375.0
304,2025-07-23T15:07:25+00:00,2025-07-23T16:19:10+00:00,71.75,1047,608,254.0,376.0
305,2025-07-24T06:07:26+00:00,2025-07-24T07:06:29+00:00,59.05,860,519,241.0,411.0
306,2025-07-24T09:54:46+00:00,2025-07-24T10:02:45+00:00,7.98,115,67,133.0,375.0
307,2025-07-24T10:45:05+00:00,2025-07-24T10:52:31+00:00,7.43,107,47,150.0,375.0
308,2025-07-24T15:31:02+00:00,2025-07-24T16:30:11+00:00,59.15,864,532,253.0,376.0
309,2025-07-25T08:04:35+00:00,2025-07-25T08:45:22+00:00,40.78,595,483,255.0,387.0
310,2025-07-25T10:11:10+00:00,2025-07-25T10:20:21+00:00,9.18,133,41,176.0,375.0
311,2025-07-25T10:52:36+00:00,2025-07-25T11:02:08+00:00,9.53,137,37,169.0,375.0
312,2025-07-25T12:32:03+00:00,2025-07-25T12:34:55+00:00,2.87,40,3,31.0,374.0
313,2025-07-25T12:50:55+00:00,2025-07-25T12:54:53+00:00,3.97,55,0,0.0,5.0
314,2025-07-25T13:24:35+00:00,2025-07-25T15:01:36+00:00,97.02,1418,584,241.0,377.0
315,2025-07-25T15:11:36+00:00,2025-07-25T15:54:50+00:00,43.23,630,272,144.0,376.0
316,2025-07-28T06:12:47+00:00,2025-07-28T07:02:10+00:00,49.38,719,540,234.0,376.0
317,2025-07-28T09:54:19+00:00,2025-07-28T10:02:08+00:00,7.82,112,46,215.0,375.0
318,2025-07-28T10:31:07+00:00,2025-07-28T10:39:13+00:00,8.1,116,36,143.0,375.0
319,2025-07-28T14:51:22+00:00,2025-07-28T15:28:00+00:00,36.63,519,374,224.0,376.0
320,2025-07-28T15:34:36+00:00,2025-07-28T16:09:52+00:00,35.27,498,196,160.0,375.0
321,2025-07-29T06:00:02+00:00,2025-07-29T06:44:03+00:00,44.02,641,475,229.0,377.0
322,2025-07-29T10:07:34+00:00,2025-07-29T10:16:45+00:00,9.18,136,22,69.0,375.0
323,2025-07-29T10:47:10+00:00,2025-07-29T10:56:05+00:00,8.92,128,47,220.0,375.0
324,2025-07-29T13:06:45+00:00,2025-07-29T13:15:06+00:00,8.35,120,36,118.0,375.0
325,2025-07-29T13:34:11+00:00,2025-07-29T14:27:01+00:00,52.83,769,436,242.0,376.0
326,2025-07-30T06:05:39+00:00,2025-07-30T06:10:47+00:00,5.13,72,35,107.0,377.0
327,2025-07-30T06:18:53+00:00,2025-07-30T06:22:21+00:00,3.47,25,1,29.0,363.0
328,2025-07-30T15:38:48+00:00,2025-07-30T15:55:07+00:00,16.32,235,63,154.0,375.0
329,2025-07-30T16:06:15+00:00,2025-07-30T16:14:18+00:00,8.05,116,27,29.0,375.0
330,2025-07-31T06:06:51+00:00,2025-07-31T07:38:29+00:00,91.63,1282,804,190.0,376.0
331,2025-07-31T08:54:56+00:00,2025-07-31T09:02:56+00:00,8.0,115,39,111.0,375.0
332,2025-07-31T09:21:02+00:00,2025-07-31T09:28:15+00:00,7.22,103,39,179.0,375.0
333,2025-07-31T10:02:59+00:00,2025-07-31T10:11:34+00:00,8.58,124,34,103.0,375.0
334,2025-07-31T10:42:22+00:00,2025-07-31T10:51:57+00:00,9.58,137,55,112.0,375.0
335,2025-07-31T14:45:13+00:00,2025-07-31T15:42:14+00:00,57.02,833,507,253.0,376.0
336,2025-08-04T06:06:04+00:00,2025-08-04T06:52:28+00:00,46.4,678,516,227.0,376.0
337,2025-08-04T10:07:28+00:00,2025-08-04T10:15:37+00:00,8.15,116,32,201.0,375.0
338,2025-08-04T10:46:54+00:00,2025-08-04T10:54:56+00:00,8.03,114,37,142.0,375.0
339,2025-08-04T11:19:22+00:00,2025-08-04T11:30:39+00:00,11.28,161,34,208.0,375.0
340,2025-08-04T11:40:52+00:00,2025-08-04T11:50:03+00:00,9.18,91,40,187.0,375.0
341,2025-08-04T14:06:56+00:00,2025-08-04T14:54:37+00:00,47.68,696,465,255.0,376.0
342,2025-08-05T06:04:38+00:00,2025-08-05T06:11:38+00:00,7.0,100,28,61.0,375.0
343,2025-08-05T06:22:47+00:00,2025-08-05T07:00:03+00:00,37.27,543,438,222.0,376.0
344,2025-08-05T09:53:09+00:00,2025-08-05T10:01:21+00:00,8.2,119,56,207.0,375.0
345,2025-08-05T10:40:28+00:00,2025-08-05T10:48:08+00:00,7.67,108,63,218.0,375.0
346,2025-08-05T16:22:14+00:00,2025-08-05T17:13:23+00:00,51.15,696,507,252.0,376.0
347,2025-08-06T06:09:10+00:00,2025-08-06T07:12:46+00:00,63.6,859,537,229.0,376.0
348,2025-08-06T14:46:43+00:00,2025-08-06T15:35:16+00:00,48.55,709,494,244.0,376.0
349,2025-08-07T05:40:10+00:00,2025-08-07T05:48:51+00:00,8.68,124,42,80.0,374.0
350,2025-08-07T06:25:04+00:00,2025-08-07T07:04:18+00:00,39.23,571,463,254.0,411.0
351,2025-08-07T09:59:01+00:00,2025-08-07T10:03:49+00:00,4.8,68,28,197.0,375.0
352,2025-08-07T10:19:55+00:00,2025-08-07T10:25:22+00:00,5.45,75,23,102.0,375.0
353,2025-08-07T16:02:20+00:00,2025-08-07T16:45:33+00:00,43.22,631,478,243.0,376.0
354,2025-08-07T19:24:16+00:00,2025-08-07T19:31:02+00:00,6.77,97,19,91.0,375.0
355,2025-08-08T06:05:45+00:00,2025-08-08T06:56:40+00:00,50.92,679,466,252.0,376.0
356,2025-08-08T10:06:26+00:00,2025-08-08T10:14:29+00:00,8.05,116,35,219.0,376.0
357,2025-08-08T10:46:46+00:00,2025-08-08T10:53:13+00:00,6.45,90,21,115.0,375.0
358,2025-08-08T10:59:01+00:00,2025-08-08T11:04:32+00:00,5.52,77,29,162.0,375.0
359,2025-08-08T14:15:03+00:00,2025-08-08T15:01:20+00:00,46.28,675,485,250.0,376.0
360,2025-08-11T06:17:15+00:00,2025-08-11T07:04:24+00:00,47.15,688,484,229.0,376.0
361,2025-08-11T10:11:50+00:00,2025-08-11T10:21:37+00:00,9.78,140,36,203.0,376.0
362,2025-08-11T10:53:30+00:00,2025-08-11T11:02:10+00:00,8.67,123,37,135.0,375.0
363,2025-08-11T15:21:18+00:00,2025-08-11T16:28:27+00:00,67.15,931,587,250.0,376.0
364,2025-08-11T16:43:10+00:00,2025-08-11T16:52:59+00:00,9.82,129,10,24.0,376.0
365,2025-08-12T06:03:41+00:00,2025-08-12T06:56:44+00:00,53.05,747,556,255.0,376.0
366,2025-08-12T10:12:37+00:00,2025-08-12T10:21:16+00:00,8.65,124,59,126.0,376.0
367,2025-08-12T10:54:17+00:00,2025-08-12T11:02:37+00:00,8.33,117,56,180.0,376.0
368,2025-08-12T14:38:44+00:00,2025-08-12T15:45:11+00:00,66.45,949,634,247.0,412.0
369,2025-08-13T05:53:10+00:00,2025-08-13T06:40:39+00:00,47.48,693,548,248.0,412.0
370,2025-08-13T09:55:26+00:00,2025-08-13T10:04:22+00:00,8.93,130,45,118.0,375.0
371,2025-08-13T10:27:07+00:00,2025-08-13T10:35:20+00:00,8.22,118,41,117.0,376.0
372,2025-08-13T14:07:00+00:00,2025-08-13T14:47:54+00:00,40.9,595,472,252.0,412.0
373,2025-08-13T15:21:55+00:00,2025-08-13T15:35:39+00:00,13.73,200,75,115.0,376.0
374,2025-08-13T19:36:41+00:00,2025-08-13T19:54:14+00:00,17.55,255,57,56.0,376.0
375,2025-08-14T06:04:09+00:00,2025-08-14T06:53:54+00:00,49.75,725,570,251.0,412.0
376,2025-08-14T09:58:52+00:00,2025-08-14T10:09:27+00:00,10.58,131,55,158.0,375.0
377,2025-08-14T10:18:20+00:00,2025-08-14T10:26:12+00:00,7.87,112,53,154.0,376.0
378,2025-08-14T14:10:59+00:00,2025-08-14T14:13:16+00:00,2.28,31,0,0.0,5.0
379,2025-08-14T14:19:43+00:00,2025-08-14T14:53:24+00:00,33.68,490,373,239.0,377.0
380,2025-08-14T14:58:51+00:00,2025-08-14T15:21:45+00:00,22.9,329,166,165.0,377.0
381,2025-08-18T06:20:46+00:00,2025-08-18T07:05:31+00:00,44.75,653,455,247.0,376.0
382,2025-08-18T09:47:47+00:00,2025-08-18T09:56:27+00:00,8.67,125,35,177.0,375.0
383,2025-08-18T10:20:29+00:00,2025-08-18T10:31:46+00:00,11.28,146,37,208.0,375.0
384,2025-08-18T15:47:32+00:00,2025-08-18T16:48:46+00:00,61.23,892,663,252.0,376.0
385,2025-08-19T06:09:44+00:00,2025-08-19T06:16:25+00:00,6.68,96,24,136.0,375.0
386,2025-08-19T06:21:35+00:00,2025-08-19T07:11:06+00:00,49.52,720,493,247.0,378.0
387,2025-08-19T10:08:03+00:00,2025-08-19T10:12:49+00:00,4.77,68,26,117.0,375.0
388,2025-08-19T10:21:42+00:00,2025-08-19T10:27:40+00:00,5.97,66,22,122.0,375.0
389,2025-08-19T11:30:36+00:00,2025-08-19T11:52:48+00:00,22.2,322,145,249.0,376.0
390,2025-08-19T12:05:51+00:00,2025-08-19T12:28:57+00:00,23.1,335,150,188.0,376.0
391,2025-08-19T14:37:43+00:00,2025-08-19T15:54:23+00:00,76.67,1119,613,252.0,376.0
392,2025-08-20T06:12:32+00:00,2025-08-20T06:56:49+00:00,44.28,647,472,247.0,411.0
393,2025-08-20T10:41:10+00:00,2025-08-20T10:49:57+00:00,8.78,127,40,164.0,375.0
394,2025-08-20T11:16:03+00:00,2025-08-20T11:23:57+00:00,7.9,113,38,139.0,375.0
395,2025-08-20T14:24:35+00:00,2025-08-20T15:33:01+00:00,68.43,930,555,252.0,377.0
396,2025-08-21T06:09:47+00:00,2025-08-21T06:53:51+00:00,44.07,642,462,224.0,376.0
397,2025-08-21T10:10:32+00:00,2025-08-21T10:20:04+00:00,9.53,137,52,163.0,375.0
398,2025-08-21T11:00:51+00:00,2025-08-21T11:09:02+00:00,8.18,118,70,128.0,375.0
399,2025-08-21T13:47:23+00:00,2025-08-21T14:34:12+00:00,46.82,685,469,195.0,376.0
400,2025-08-25T06:20:38+00:00,2025-08-25T07:00:59+00:00,40.35,589,464,255.0,411.0
401,2025-08-25T10:05:25+00:00,2025-08-25T10:14:12+00:00,8.78,126,50,200.0,375.0
402,2025-08-25T10:38:45+00:00,2025-08-25T10:47:33+00:00,8.8,124,44,100.0,375.0
403,2025-08-25T14:31:59+00:00,2025-08-25T15:20:09+00:00,48.17,697,478,242.0,376.0
404,2025-08-26T06:09:21+00:00,2025-08-26T06:58:39+00:00,49.3,644,487,218.0,376.0
405,2025-08-26T10:02:23+00:00,2025-08-26T10:11:23+00:00,9.0,129,30,167.0,375.0
406,2025-08-26T10:38:16+00:00,2025-08-26T10:46:42+00:00,8.43,120,43,150.0,375.0
407,2025-08-26T14:07:23+00:00,2025-08-26T14:57:41+00:00,50.3,733,465,231.0,376.0
408,2025-08-27T06:15:15+00:00,2025-08-27T07:13:41+00:00,58.43,792,493,245.0,376.0
409,2025-08-27T10:07:24+00:00,2025-08-27T10:18:23+00:00,10.98,158,70,211.0,375.0
410,2025-08-27T11:03:28+00:00,2025-08-27T11:11:52+00:00,8.4,120,56,238.0,375.0
411,2025-08-27T14:00:01+00:00,2025-08-27T14:53:04+00:00,53.05,774,469,254.0,376.0
412,2025-08-28T06:18:28+00:00,2025-08-28T06:57:45+00:00,39.28,574,456,186.0,375.0
413,2025-08-28T10:56:45+00:00,2025-08-28T11:03:28+00:00,6.72,79,21,158.0,375.0
414,2025-08-28T11:29:06+00:00,2025-08-28T11:34:04+00:00,4.97,68,25,112.0,375.0
415,2025-08-28T12:36:34+00:00,2025-08-28T13:36:37+00:00,60.05,829,503,255.0,399.0
416,2025-09-01T06:22:39+00:00,2025-09-01T07:01:03+00:00,38.4,560,431,231.0,376.0
417,2025-09-01T09:52:46+00:00,2025-09-01T10:00:49+00:00,8.05,116,41,181.0,375.0
418,2025-09-01T10:29:42+00:00,2025-09-01T10:38:13+00:00,8.52,121,37,126.0,375.0
419,2025-09-01T14:22:54+00:00,2025-09-01T15:08:07+00:00,45.22,661,470,242.0,411.0
420,2025-09-02T06:10:04+00:00,2025-09-02T07:03:05+00:00,53.02,728,476,251.0,376.0
421,2025-09-02T10:15:39+00:00,2025-09-02T10:24:15+00:00,8.6,123,33,200.0,375.0
422,2025-09-02T10:46:40+00:00,2025-09-02T10:55:45+00:00,9.08,130,34,121.0,375.0
423,2025-09-02T15:35:05+00:00,2025-09-02T16:20:33+00:00,45.47,663,501,245.0,376.0
424,2025-09-03T06:09:16+00:00,2025-09-03T06:56:52+00:00,47.6,671,492,230.0,411.0
425,2025-09-03T10:38:14+00:00,2025-09-03T10:47:03+00:00,8.82,126,56,164.0,375.0
426,2025-09-03T11:18:23+00:00,2025-09-03T11:26:54+00:00,8.52,122,52,232.0,375.0
427,2025-09-03T15:54:58+00:00,2025-09-03T16:41:52+00:00,46.9,684,476,252.0,386.0
428,2025-09-04T06:13:34+00:00,2025-09-04T07:09:26+00:00,55.87,762,486,249.0,376.0
429,2025-09-04T10:01:05+00:00,2025-09-04T10:09:39+00:00,8.57,124,49,196.0,375.0
430,2025-09-04T10:31:42+00:00,2025-09-04T10:40:01+00:00,8.32,119,39,141.0,375.0
431,2025-09-04T13:35:45+00:00,2025-09-04T14:20:18+00:00,44.55,651,450,250.0,411.0
432,2025-09-08T06:23:51+00:00,2025-09-08T07:07:22+00:00,43.52,634,492,254.0,405.0
433,2025-09-08T10:01:41+00:00,2025-09-08T10:10:00+00:00,8.32,120,37,208.0,375.0
434,2025-09-08T10:29:29+00:00,2025-09-08T10:38:13+00:00,8.73,124,44,202.0,375.0
435,2025-09-08T10:48:33+00:00,2025-09-08T10:57:23+00:00,8.83,125,46,105.0,375.0
436,2025-09-08T11:17:09+00:00,2025-09-08T11:24:45+00:00,7.6,105,43,97.0,375.0
437,2025-09-08T15:19:34+00:00,2025-09-08T16:08:49+00:00,49.25,718,501,254.0,376.0
438,2025-09-09T06:13:14+00:00,2025-09-09T07:02:37+00:00,49.38,721,526,181.0,376.0
439,2025-09-09T10:33:11+00:00,2025-09-09T10:41:15+00:00,8.07,116,42,194.0,375.0
440,2025-09-09T11:03:18+00:00,2025-09-09T11:11:09+00:00,7.85,112,32,204.0,375.0
441,2025-09-09T15:03:45+00:00,2025-09-09T15:55:54+00:00,52.15,760,552,240.0,376.0
442,2025-09-10T06:09:16+00:00,2025-09-10T07:10:10+00:00,60.9,772,525,254.0,376.0
443,2025-09-10T10:09:23+00:00,2025-09-10T10:17:54+00:00,8.52,123,42,123.0,375.0
444,2025-09-10T10:45:10+00:00,2025-09-10T10:53:22+00:00,8.2,119,39,183.0,375.0
445,2025-09-10T16:03:42+00:00,2025-09-10T16:53:20+00:00,49.63,724,525,251.0,411.0
446,2025-09-11T06:14:52+00:00,2025-09-11T06:21:30+00:00,6.63,95,34,161.0,375.0
447,2025-09-11T06:27:48+00:00,2025-09-11T07:08:39+00:00,40.85,592,498,255.0,411.0
448,2025-09-11T10:04:04+00:00,2025-09-11T10:12:55+00:00,8.85,128,57,190.0,375.0
449,2025-09-11T10:43:48+00:00,2025-09-11T10:46:54+00:00,3.1,43,10,69.0,374.0
450,2025-09-11T10:54:18+00:00,2025-09-11T11:02:58+00:00,8.67,122,63,149.0,375.0
451,2025-09-11T14:53:24+00:00,2025-09-11T15:50:54+00:00,57.5,839,529,235.0,376.0
452,2025-09-12T06:12:21+00:00,2025-09-12T06:54:45+00:00,42.4,617,483,255.0,410.0
453,2025-09-12T10:10:38+00:00,2025-09-12T10:20:37+00:00,9.98,143,41,182.0,375.0
454,2025-09-12T10:54:11+00:00,2025-09-12T12:04:28+00:00,70.28,973,531,222.0,376.0
455,2025-09-15T06:36:03+00:00,2025-09-15T07:02:15+00:00,26.2,363,159,206.0,375.0
456,2025-09-15T08:49:18+00:00,2025-09-15T08:55:17+00:00,5.98,40,0,1.0,360.0
457,2025-09-15T11:25:26+00:00,2025-09-15T11:27:24+00:00,1.97,25,0,1.0,361.0
458,2025-09-15T13:03:40+00:00,2025-09-15T13:03:40+00:00,0.0,1,0,0.0,4.0
459,2025-09-16T11:36:44+00:00,2025-09-16T11:40:30+00:00,3.77,53,11,22.0,374.0
460,2025-09-17T11:07:33+00:00,2025-09-17T11:07:58+00:00,0.42,6,2,19.0,374.0
461,2025-09-17T11:14:28+00:00,2025-09-17T11:15:54+00:00,1.43,18,1,21.0,375.0
462,2025-10-06T16:15:46+00:00,2025-10-06T16:17:18+00:00,1.53,18,2,33.0,318.0
463,2025-10-07T05:52:03+00:00,2025-10-07T05:53:53+00:00,1.83,20,2,19.0,373.0
464,2025-10-13T12:52:27+00:00,2025-10-13T12:53:17+00:00,0.83,7,0,0.0,4.0
465,2025-10-16T09:19:15+00:00,2025-10-16T09:49:52+00:00,30.62,410,275,212.0,377.0
466,2025-10-20T06:20:14+00:00,2025-10-20T07:04:33+00:00,44.32,646,508,255.0,411.0
467,2025-10-20T10:05:51+00:00,2025-10-20T10:16:28+00:00,10.62,153,92,210.0,375.0
468,2025-10-20T10:45:54+00:00,2025-10-20T10:56:25+00:00,10.52,149,56,141.0,375.0
469,2025-10-20T15:11:05+00:00,2025-10-20T15:59:02+00:00,47.95,700,524,250.0,411.0
470,2025-10-21T06:08:42+00:00,2025-10-21T06:16:21+00:00,7.65,110,57,81.0,376.0
471,2025-10-21T06:23:12+00:00,2025-10-21T07:05:35+00:00,42.38,615,525,249.0,384.0
472,2025-10-21T09:53:43+00:00,2025-10-21T10:03:20+00:00,9.62,137,90,209.0,375.0
473,2025-10-21T10:18:36+00:00,2025-10-21T10:46:28+00:00,27.87,288,132,205.0,375.0
474,2025-10-21T11:09:06+00:00,2025-10-21T11:18:26+00:00,9.33,131,64,119.0,375.0
475,2025-10-21T14:07:35+00:00,2025-10-21T15:15:22+00:00,67.78,989,724,243.0,410.0
476,2025-10-22T06:10:28+00:00,2025-10-22T07:15:10+00:00,64.7,894,610,233.0,376.0
477,2025-10-22T10:29:13+00:00,2025-10-22T10:38:48+00:00,9.58,138,70,168.0,375.0
478,2025-10-22T11:05:00+00:00,2025-10-22T11:14:30+00:00,9.5,135,51,217.0,375.0
479,2025-10-22T15:02:55+00:00,2025-10-22T16:00:07+00:00,57.2,835,562,233.0,375.0
480,2025-10-23T06:13:47+00:00,2025-10-23T06:56:31+00:00,42.73,623,505,255.0,411.0
481,2025-10-23T10:15:42+00:00,2025-10-23T10:25:04+00:00,9.37,135,85,197.0,375.0
482,2025-10-23T10:51:17+00:00,2025-10-23T11:00:50+00:00,9.55,138,46,151.0,375.0
483,2025-10-23T15:16:03+00:00,2025-10-23T16:05:41+00:00,49.63,725,530,255.0,376.0
484,2025-10-24T06:31:59+00:00,2025-10-24T07:10:18+00:00,38.32,558,491,251.0,411.0
485,2025-10-24T07:45:34+00:00,2025-10-24T07:48:20+00:00,2.77,39,5,24.0,410.0
486,2025-10-24T10:06:35+00:00,2025-10-24T10:11:35+00:00,5.0,71,36,209.0,410.0
487,2025-10-24T10:33:12+00:00,2025-10-24T10:40:19+00:00,7.12,100,36,137.0,411.0
488,2025-10-24T14:19:41+00:00,2025-10-24T15:14:49+00:00,55.13,803,409,225.0,411.0
489,2025-10-24T15:21:14+00:00,2025-10-24T15:43:02+00:00,21.8,317,159,139.0,411.0
490,2025-10-27T07:12:28+00:00,2025-10-27T08:08:31+00:00,56.05,817,644,255.0,411.0
491,2025-10-27T11:04:07+00:00,2025-10-27T11:11:46+00:00,7.65,109,63,188.0,410.0
492,2025-10-27T11:43:18+00:00,2025-10-27T11:53:50+00:00,10.53,150,47,171.0,411.0
493,2025-10-27T15:34:53+00:00,2025-10-27T16:30:29+00:00,55.6,811,641,250.0,411.0
494,2025-10-28T07:03:48+00:00,2025-10-28T07:55:47+00:00,51.98,726,598,244.0,411.0
495,2025-10-28T10:58:19+00:00,2025-10-28T11:07:32+00:00,9.22,132,57,203.0,375.0
496,2025-10-28T11:35:59+00:00,2025-10-28T11:45:23+00:00,9.4,136,47,205.0,375.0
497,2025-10-28T16:01:03+00:00,2025-10-28T17:01:03+00:00,60.0,877,539,255.0,375.0
498,2025-10-29T07:07:05+00:00,2025-10-29T08:03:05+00:00,56.0,753,529,222.0,411.0
499,2025-10-29T15:25:21+00:00,2025-10-29T17:01:28+00:00,96.12,1336,673,255.0,376.0
500,2025-10-30T07:09:09+00:00,2025-10-30T07:58:21+00:00,49.2,718,502,254.0,376.0
501,2025-10-30T11:14:08+00:00,2025-10-30T11:22:31+00:00,8.38,120,59,185.0,375.0
502,2025-10-30T11:43:37+00:00,2025-10-30T11:53:17+00:00,9.67,137,44,146.0,375.0
503,2025-10-30T15:33:41+00:00,2025-10-30T16:57:45+00:00,84.07,1155,439,248.0,410.0
504,2025-10-30T17:03:31+00:00,2025-10-30T17:16:44+00:00,13.22,191,101,219.0,411.0
505,2025-11-03T07:20:07+00:00,2025-11-03T08:17:19+00:00,57.2,806,584,254.0,411.0
506,2025-11-03T11:13:05+00:00,2025-11-03T11:25:39+00:00,12.57,182,80,197.0,375.0
507,2025-11-03T11:59:16+00:00,2025-11-03T12:09:20+00:00,10.07,144,68,171.0,375.0
508,2025-11-03T16:19:08+00:00,2025-11-03T17:32:55+00:00,73.78,1022,591,251.0,411.0
509,2025-11-04T08:24:34+00:00,2025-11-04T08:33:29+00:00,8.92,96,60,128.0,375.0
510,2025-11-04T08:40:16+00:00,2025-11-04T08:46:02+00:00,5.77,79,35,133.0,410.0
511,2025-11-04T12:31:23+00:00,2025-11-04T12:56:45+00:00,25.37,370,199,176.0,375.0
512,2025-11-04T14:51:30+00:00,2025-11-04T15:18:45+00:00,27.25,398,212,121.0,375.0
513,2025-11-04T16:53:12+00:00,2025-11-04T17:05:17+00:00,12.08,174,64,93.0,375.0
514,2025-11-05T07:00:52+00:00,2025-11-05T07:08:12+00:00,7.33,105,57,185.0,410.0
515,2025-11-05T07:23:17+00:00,2025-11-05T08:04:07+00:00,40.83,592,489,255.0,411.0
516,2025-11-05T16:32:22+00:00,2025-11-05T17:34:16+00:00,61.9,848,561,235.0,411.0
517,2025-11-06T07:00:12+00:00,2025-11-06T08:12:18+00:00,72.1,1010,627,249.0,411.0
518,2025-11-06T11:08:53+00:00,2025-11-06T11:19:36+00:00,10.72,154,72,183.0,375.0
519,2025-11-06T11:53:01+00:00,2025-11-06T12:02:42+00:00,9.68,139,43,163.0,375.0
520,2025-11-06T16:41:33+00:00,2025-11-06T17:55:18+00:00,73.75,1061,580,235.0,411.0
521,2025-11-07T06:54:22+00:00,2025-11-07T07:42:01+00:00,47.65,696,551,255.0,411.0
522,2025-11-07T11:09:50+00:00,2025-11-07T11:18:27+00:00,8.62,123,63,146.0,411.0
523,2025-11-07T12:07:25+00:00,2025-11-07T12:17:46+00:00,10.35,146,69,188.0,375.0
524,2025-11-07T15:23:48+00:00,2025-11-07T16:31:10+00:00,67.37,937,632,244.0,411.0
525,2025-11-10T15:46:42+00:00,2025-11-10T15:48:14+00:00,1.53,18,3,17.0,409.0
526,2025-11-10T15:56:31+00:00,2025-11-10T16:06:58+00:00,10.45,108,0,1.0,10.0
527,2025-11-10T16:12:59+00:00,2025-11-10T16:16:58+00:00,3.98,50,1,19.0,372.0
528,2025-11-10T16:43:15+00:00,2025-11-10T16:52:33+00:00,9.3,130,65,112.0,411.0
529,2025-11-11T06:27:51+00:00,2025-11-11T07:23:24+00:00,55.55,789,543,249.0,411.0
530,2025-11-11T11:10:13+00:00,2025-11-11T11:37:39+00:00,27.43,311,139,232.0,375.0
531,2025-11-11T16:41:37+00:00,2025-11-11T17:35:36+00:00,53.98,788,565,245.0,411.0
532,2025-11-12T06:55:10+00:00,2025-11-12T07:55:48+00:00,60.63,813,548,254.0,411.0
533,2025-11-12T11:12:16+00:00,2025-11-12T11:24:01+00:00,11.75,141,59,201.0,375.0
534,2025-11-12T11:51:24+00:00,2025-11-12T12:08:51+00:00,17.45,252,100,208.0,375.0
535,2025-11-12T12:29:49+00:00,2025-11-12T12:38:31+00:00,8.7,123,42,138.0,375.0
536,2025-11-12T16:49:19+00:00,2025-11-12T17:53:28+00:00,64.15,877,559,221.0,375.0
537,2025-11-13T07:03:13+00:00,2025-11-13T07:12:01+00:00,8.8,127,60,118.0,375.0
538,2025-11-13T07:17:10+00:00,2025-11-13T08:10:23+00:00,53.22,711,480,248.0,411.0
539,2025-11-13T11:06:48+00:00,2025-11-13T11:16:47+00:00,9.98,142,67,195.0,375.0
540,2025-11-13T11:49:02+00:00,2025-11-13T11:59:39+00:00,10.62,152,46,146.0,375.0
541,2025-11-13T14:14:12+00:00,2025-11-13T14:15:44+00:00,1.53,19,0,0.0,4.0
542,2025-11-13T14:51:20+00:00,2025-11-13T14:53:26+00:00,2.1,28,0,4.0,359.0
543,2025-11-13T15:05:26+00:00,2025-11-13T15:53:15+00:00,47.82,693,472,251.0,376.0
544,2025-11-20T13:25:57+00:00,2025-11-20T13:27:25+00:00,1.47,18,3,12.0,409.0
545,2025-11-26T06:52:14+00:00,2025-11-26T06:54:14+00:00,2.0,27,6,35.0,364.0
546,2025-11-26T11:25:47+00:00,2025-11-26T11:26:50+00:00,1.05,11,0,0.0,4.0
547,2025-11-26T12:17:08+00:00,2025-11-26T12:19:21+00:00,2.22,24,9,33.0,409.0
548,2025-11-26T13:02:36+00:00,2025-11-26T13:04:40+00:00,2.07,25,2,24.0,375.0
549,2025-11-27T10:09:51+00:00,2025-11-27T11:00:38+00:00,50.78,741,511,249.0,411.0
550,2025-11-27T16:36:23+00:00,2025-11-27T17:40:38+00:00,64.25,926,587,253.0,411.0
551,2025-11-28T12:53:57+00:00,2025-11-28T13:55:25+00:00,61.47,827,329,252.0,411.0
552,2025-12-03T12:22:04+00:00,2025-12-03T12:24:03+00:00,1.98,24,5,67.0,409.0
553,2025-12-10T09:58:08+00:00,2025-12-10T09:59:52+00:00,1.73,17,2,20.0,369.0
554,2025-12-12T08:48:13+00:00,2025-12-12T08:49:31+00:00,1.3,16,2,22.0,371.0
555,2025-12-15T07:13:49+00:00,2025-12-15T07:56:24+00:00,42.58,621,526,234.0,411.0
556,2025-12-15T11:19:22+00:00,2025-12-15T11:33:07+00:00,13.75,184,72,187.0,410.0
557,2025-12-15T12:03:58+00:00,2025-12-15T12:11:51+00:00,7.88,113,35,205.0,411.0
558,2025-12-15T16:37:45+00:00,2025-12-15T17:23:51+00:00,46.1,673,522,254.0,411.0
559,2025-12-16T06:59:40+00:00,2025-12-16T07:07:15+00:00,7.58,109,59,176.0,374.0
560,2025-12-16T07:13:40+00:00,2025-12-16T07:53:52+00:00,40.2,582,449,255.0,411.0
561,2025-12-16T11:04:00+00:00,2025-12-16T11:17:50+00:00,13.83,146,78,204.0,410.0
562,2025-12-16T11:55:15+00:00,2025-12-16T12:04:41+00:00,9.43,136,54,185.0,410.0
563,2025-12-16T17:05:33+00:00,2025-12-16T18:04:00+00:00,58.45,788,538,255.0,411.0
564,2025-12-16T18:10:36+00:00,2025-12-16T18:18:29+00:00,7.88,111,43,94.0,411.0
565,2025-12-17T06:58:18+00:00,2025-12-17T07:44:24+00:00,46.1,672,553,242.0,411.0
566,2025-12-17T11:21:23+00:00,2025-12-17T11:32:01+00:00,10.63,152,72,207.0,411.0
567,2025-12-17T11:59:45+00:00,2025-12-17T12:08:44+00:00,8.98,129,51,157.0,411.0
568,2025-12-17T16:17:01+00:00,2025-12-17T17:21:01+00:00,64.0,933,621,250.0,410.0
569,2025-12-18T06:57:56+00:00,2025-12-18T07:46:42+00:00,48.77,711,553,254.0,411.0
570,2025-12-18T11:12:48+00:00,2025-12-18T11:15:13+00:00,2.42,34,7,26.0,410.0
571,2025-12-18T11:20:27+00:00,2025-12-18T11:28:06+00:00,7.65,108,63,204.0,411.0
572,2025-12-18T11:45:38+00:00,2025-12-18T11:55:20+00:00,9.7,138,44,177.0,411.0
573,2025-12-18T13:15:27+00:00,2025-12-18T14:41:38+00:00,86.18,1257,645,255.0,411.0
574,2025-12-19T11:23:49+00:00,2025-12-19T12:15:58+00:00,52.15,703,291,221.0,376.0
575,2025-12-19T12:24:16+00:00,2025-12-19T13:12:50+00:00,48.57,680,266,251.0,375.0
576,2025-12-22T06:30:52+00:00,2025-12-22T07:21:44+00:00,50.87,688,503,252.0,411.0
577,2025-12-22T10:44:33+00:00,2025-12-22T10:58:44+00:00,14.18,181,80,203.0,410.0
578,2025-12-22T11:07:27+00:00,2025-12-22T11:15:59+00:00,8.53,119,67,182.0,410.0
579,2025-12-22T16:27:45+00:00,2025-12-22T17:11:50+00:00,44.08,611,462,253.0,411.0
580,2025-12-23T07:46:58+00:00,2025-12-23T08:26:15+00:00,39.28,571,489,255.0,411.0
581,2025-12-23T15:38:30+00:00,2025-12-23T16:39:40+00:00,61.17,846,607,246.0,411.0
582,2026-01-08T10:14:00+00:00,2026-01-08T10:18:29+00:00,4.48,63,27,122.0,410.0
583,2026-01-08T10:29:09+00:00,2026-01-08T10:33:55+00:00,4.77,67,47,76.0,410.0
584,2026-01-08T11:25:38+00:00,2026-01-08T11:31:01+00:00,5.38,75,47,74.0,410.0
585,2026-01-08T12:11:07+00:00,2026-01-08T12:35:05+00:00,23.97,347,214,217.0,411.0
586,2026-01-08T13:02:37+00:00,2026-01-08T13:47:23+00:00,44.77,651,327,142.0,411.0
587,2026-01-12T07:09:41+00:00,2026-01-12T07:53:35+00:00,43.9,638,560,252.0,411.0
588,2026-01-12T10:48:28+00:00,2026-01-12T10:56:18+00:00,7.83,112,78,199.0,410.0
589,2026-01-12T11:51:29+00:00,2026-01-12T11:58:59+00:00,7.5,107,74,185.0,410.0
590,2026-01-12T15:56:54+00:00,2026-01-12T16:47:52+00:00,50.97,740,551,244.0,411.0
591,2026-01-13T07:00:51+00:00,2026-01-13T07:53:10+00:00,52.32,699,529,247.0,411.0
592,2026-01-13T11:19:33+00:00,2026-01-13T11:28:53+00:00,9.33,135,58,136.0,410.0
593,2026-01-13T12:01:55+00:00,2026-01-13T12:10:36+00:00,8.68,123,54,199.0,410.0
594,2026-01-13T15:35:47+00:00,2026-01-13T16:53:22+00:00,77.58,1083,617,240.0,411.0
595,2026-01-14T07:03:15+00:00,2026-01-14T07:13:28+00:00,10.22,148,67,148.0,410.0
596,2026-01-14T07:18:47+00:00,2026-01-14T08:03:12+00:00,44.42,644,452,254.0,411.0
597,2026-01-14T11:18:33+00:00,2026-01-14T11:28:27+00:00,9.9,142,67,172.0,411.0
598,2026-01-14T11:55:18+00:00,2026-01-14T12:03:04+00:00,7.77,111,43,211.0,411.0
599,2026-01-14T15:20:06+00:00,2026-01-14T16:31:45+00:00,71.65,1039,592,255.0,411.0
600,2026-01-15T07:08:44+00:00,2026-01-15T07:48:34+00:00,39.83,580,475,243.0,411.0
601,2026-01-15T12:31:28+00:00,2026-01-15T12:36:12+00:00,4.73,67,25,198.0,375.0
602,2026-01-15T13:04:17+00:00,2026-01-15T13:10:44+00:00,6.45,92,34,87.0,374.0
603,2026-01-15T16:17:37+00:00,2026-01-15T16:19:22+00:00,1.75,23,6,24.0,409.0
604,2026-01-15T16:26:42+00:00,2026-01-15T17:13:40+00:00,46.97,685,487,248.0,411.0
605,2026-01-16T07:21:34+00:00,2026-01-16T08:12:50+00:00,51.27,696,507,238.0,411.0
606,2026-01-16T11:05:24+00:00,2026-01-16T11:15:30+00:00,10.1,146,64,198.0,410.0
607,2026-01-16T11:26:16+00:00,2026-01-16T11:35:21+00:00,9.08,130,64,205.0,411.0
608,2026-01-16T15:36:47+00:00,2026-01-16T16:26:07+00:00,49.33,719,514,215.0,376.0
609,2026-01-19T07:02:10+00:00,2026-01-19T07:08:32+00:00,6.37,90,87,21.0,391.0
610,2026-01-19T07:15:11+00:00,2026-01-19T07:54:10+00:00,38.98,567,495,253.0,411.0
611,2026-01-19T11:03:15+00:00,2026-01-19T11:12:49+00:00,9.57,139,64,199.0,410.0
612,2026-01-19T11:40:32+00:00,2026-01-19T11:49:59+00:00,9.45,135,48,172.0,410.0
613,2026-01-19T15:39:04+00:00,2026-01-19T16:26:32+00:00,47.47,696,510,254.0,411.0
614,2026-01-20T07:10:05+00:00,2026-01-20T08:04:52+00:00,54.78,777,584,233.0,411.0
615,2026-01-20T10:59:51+00:00,2026-01-20T11:09:13+00:00,9.37,133,69,202.0,410.0
616,2026-01-20T11:34:10+00:00,2026-01-20T11:43:05+00:00,8.92,128,49,196.0,410.0
617,2026-01-20T16:23:57+00:00,2026-01-20T17:26:50+00:00,62.88,865,602,205.0,411.0
618,2026-01-21T06:55:13+00:00,2026-01-21T07:38:31+00:00,43.3,629,501,254.0,411.0
619,2026-01-21T11:05:11+00:00,2026-01-21T11:14:38+00:00,9.45,137,63,207.0,410.0
620,2026-01-21T11:37:11+00:00,2026-01-21T11:46:32+00:00,9.35,132,50,186.0,410.0
621,2026-01-21T14:47:51+00:00,2026-01-21T15:36:56+00:00,49.08,715,506,253.0,411.0
622,2026-01-22T06:54:47+00:00,2026-01-22T06:57:39+00:00,2.87,40,31,24.0,373.0
623,2026-01-22T07:19:25+00:00,2026-01-22T08:00:55+00:00,41.5,602,480,249.0,411.0
624,2026-01-22T11:09:14+00:00,2026-01-22T11:16:59+00:00,7.75,112,48,205.0,410.0
625,2026-01-22T11:48:36+00:00,2026-01-22T12:01:06+00:00,12.5,158,41,130.0,410.0
626,2026-01-22T17:00:19+00:00,2026-01-22T18:10:31+00:00,70.2,1026,609,254.0,411.0
627,2026-01-22T18:18:57+00:00,2026-01-22T18:27:24+00:00,8.45,108,31,51.0,411.0
628,2026-01-23T06:23:43+00:00,2026-01-23T07:40:51+00:00,77.13,1065,747,248.0,411.0
629,2026-01-23T11:02:20+00:00,2026-01-23T11:10:55+00:00,8.58,123,49,157.0,410.0
630,2026-01-23T11:26:48+00:00,2026-01-23T11:33:19+00:00,6.52,91,25,125.0,410.0
631,2026-01-23T11:45:19+00:00,2026-01-23T11:51:25+00:00,6.1,86,44,138.0,410.0
632,2026-01-23T14:14:24+00:00,2026-01-23T15:01:37+00:00,47.22,689,500,255.0,411.0
633,2026-01-26T07:01:55+00:00,2026-01-26T07:54:52+00:00,52.95,719,585,255.0,411.0
634,2026-01-26T11:08:59+00:00,2026-01-26T11:17:33+00:00,8.57,122,60,199.0,410.0
635,2026-01-26T11:55:17+00:00,2026-01-26T12:05:17+00:00,10.0,144,82,123.0,411.0
636,2026-01-26T15:43:24+00:00,2026-01-26T16:39:42+00:00,56.3,821,586,255.0,411.0
637,2026-01-27T07:06:31+00:00,2026-01-27T07:57:48+00:00,51.28,703,554,255.0,411.0
638,2026-01-27T11:14:36+00:00,2026-01-27T11:23:06+00:00,8.5,123,84,170.0,410.0
639,2026-01-27T11:52:31+00:00,2026-01-27T12:00:45+00:00,8.23,119,47,97.0,410.0
640,2026-01-27T15:54:38+00:00,2026-01-27T17:12:35+00:00,77.95,1085,653,253.0,411.0
641,2026-01-28T07:11:57+00:00,2026-01-28T08:05:20+00:00,53.38,779,577,251.0,411.0
642,2026-01-28T10:57:28+00:00,2026-01-28T11:10:08+00:00,12.67,172,81,206.0,411.0
643,2026-01-28T11:50:32+00:00,2026-01-28T11:59:56+00:00,9.4,136,75,234.0,411.0
644,2026-01-28T15:34:50+00:00,2026-01-28T16:43:00+00:00,68.17,977,642,255.0,411.0
645,2026-01-29T07:13:03+00:00,2026-01-29T07:58:37+00:00,45.57,664,545,249.0,411.0
646,2026-01-29T10:57:18+00:00,2026-01-29T11:10:06+00:00,12.8,136,70,198.0,410.0
647,2026-01-29T11:46:08+00:00,2026-01-29T11:55:14+00:00,9.1,131,58,252.0,410.0
648,2026-01-29T15:31:24+00:00,2026-01-29T16:30:22+00:00,58.97,818,631,253.0,411.0
649,2026-02-02T07:12:18+00:00,2026-02-02T08:09:47+00:00,57.48,779,581,255.0,411.0
650,2026-02-02T10:51:24+00:00,2026-02-02T11:00:08+00:00,8.73,123,61,192.0,410.0
651,2026-02-02T11:30:13+00:00,2026-02-02T11:39:06+00:00,8.88,128,60,187.0,410.0
652,2026-02-02T15:45:24+00:00,2026-02-02T16:33:22+00:00,47.97,700,567,242.0,411.0
653,2026-02-03T07:12:56+00:00,2026-02-03T08:02:11+00:00,49.25,694,518,251.0,411.0
654,2026-02-03T10:59:09+00:00,2026-02-03T11:13:33+00:00,14.4,147,67,127.0,410.0
655,2026-02-03T11:32:35+00:00,2026-02-03T11:41:20+00:00,8.75,123,43,129.0,410.0
656,2026-02-03T15:15:55+00:00,2026-02-03T15:17:31+00:00,1.6,21,3,21.0,371.0
657,2026-02-03T15:33:31+00:00,2026-02-03T16:26:44+00:00,53.22,775,528,255.0,410.0
658,2026-02-04T07:12:57+00:00,2026-02-04T08:07:41+00:00,54.73,799,601,248.0,411.0
659,2026-02-04T10:23:58+00:00,2026-02-04T10:29:18+00:00,5.33,74,42,109.0,374.0
660,2026-02-04T10:42:05+00:00,2026-02-04T10:46:57+00:00,4.87,68,35,173.0,410.0
661,2026-02-04T15:41:00+00:00,2026-02-04T16:20:12+00:00,39.2,572,400,255.0,411.0
662,2026-02-04T16:29:41+00:00,2026-02-04T16:59:18+00:00,29.62,416,177,190.0,411.0
663,2026-02-05T07:10:53+00:00,2026-02-05T08:03:23+00:00,52.5,710,539,242.0,411.0
664,2026-02-05T11:20:54+00:00,2026-02-05T11:29:35+00:00,8.68,125,69,200.0,410.0
665,2026-02-05T12:07:45+00:00,2026-02-05T12:16:27+00:00,8.7,123,50,197.0,410.0
666,2026-02-05T15:29:27+00:00,2026-02-05T16:26:23+00:00,56.93,796,541,221.0,411.0
667,2026-02-09T07:06:51+00:00,2026-02-09T08:35:18+00:00,88.45,1183,802,240.0,411.0
668,2026-02-09T11:09:34+00:00,2026-02-09T11:19:17+00:00,9.72,139,55,180.0,411.0
669,2026-02-09T11:47:16+00:00,2026-02-09T11:56:27+00:00,9.18,130,52,118.0,411.0
670,2026-02-09T15:53:46+00:00,2026-02-09T16:38:17+00:00,44.52,649,510,253.0,411.0
671,2026-02-12T07:07:46+00:00,2026-02-12T07:50:59+00:00,43.22,630,492,253.0,411.0
672,2026-02-12T10:57:22+00:00,2026-02-12T11:09:00+00:00,11.63,148,72,203.0,410.0
673,2026-02-12T11:49:46+00:00,2026-02-12T11:58:47+00:00,9.02,130,85,149.0,410.0
674,2026-02-12T15:53:48+00:00,2026-02-12T16:41:52+00:00,48.07,701,531,225.0,411.0
675,2026-02-16T11:19:11+00:00,2026-02-16T11:34:38+00:00,15.45,224,123,210.0,410.0
676,2026-02-16T11:55:38+00:00,2026-02-16T11:57:18+00:00,1.67,21,0,0.0,9.0
677,2026-02-16T12:08:07+00:00,2026-02-16T12:31:30+00:00,23.38,339,148,216.0,411.0
678,2026-02-16T12:37:07+00:00,2026-02-16T12:52:42+00:00,15.58,224,73,202.0,411.0
679,2026-02-17T12:33:40+00:00,2026-02-17T12:43:53+00:00,10.22,148,73,171.0,410.0
680,2026-02-17T14:14:26+00:00,2026-02-17T14:24:24+00:00,9.97,133,58,132.0,410.0
681,2026-02-17T15:00:52+00:00,2026-02-17T15:28:06+00:00,27.23,397,167,213.0,411.0
682,2026-02-17T16:11:08+00:00,2026-02-17T16:27:20+00:00,16.2,215,102,161.0,411.0
683,2026-02-17T17:21:43+00:00,2026-02-17T17:49:35+00:00,27.87,405,172,187.0,411.0
684,2026-02-18T06:37:47+00:00,2026-02-18T06:45:38+00:00,7.85,111,66,190.0,410.0
685,2026-02-19T07:05:40+00:00,2026-02-19T07:48:19+00:00,42.65,620,515,252.0,411.0
686,2026-02-19T11:06:13+00:00,2026-02-19T11:15:52+00:00,9.65,139,68,193.0,410.0
687,2026-02-19T11:43:31+00:00,2026-02-19T11:46:10+00:00,2.65,34,7,65.0,410.0
688,2026-02-19T11:53:22+00:00,2026-02-19T12:01:54+00:00,8.53,122,54,215.0,411.0
689,2026-02-19T17:28:12+00:00,2026-02-19T18:31:49+00:00,63.62,853,621,240.0,411.0
690,2026-02-20T07:12:32+00:00,2026-02-20T08:01:01+00:00,48.48,707,516,227.0,411.0
691,2026-02-20T11:17:30+00:00,2026-02-20T11:27:57+00:00,10.45,150,81,197.0,410.0
692,2026-02-20T11:54:54+00:00,2026-02-20T12:04:56+00:00,10.03,145,53,207.0,411.0
693,2026-02-20T16:43:59+00:00,2026-02-20T17:49:33+00:00,65.57,893,549,250.0,411.0
694,2026-02-23T07:02:46+00:00,2026-02-23T07:10:09+00:00,7.38,106,51,34.0,374.0
695,2026-02-23T07:37:58+00:00,2026-02-23T08:18:57+00:00,40.98,596,498,253.0,411.0
696,2026-02-23T11:35:10+00:00,2026-02-23T11:43:28+00:00,8.3,120,47,119.0,375.0
697,2026-02-23T12:02:09+00:00,2026-02-23T12:11:28+00:00,9.32,131,41,177.0,375.0
698,2026-02-23T16:18:51+00:00,2026-02-23T17:00:05+00:00,41.23,600,440,249.0,410.0
699,2026-02-25T07:26:09+00:00,2026-02-25T08:15:05+00:00,48.93,714,590,255.0,411.0
700,2026-02-25T18:45:31+00:00,2026-02-25T19:38:29+00:00,52.97,774,563,254.0,411.0
701,2026-02-25T21:39:03+00:00,2026-02-25T21:52:06+00:00,13.05,187,34,91.0,376.0
702,2026-02-26T06:50:20+00:00,2026-02-26T08:04:31+00:00,74.18,1020,637,250.0,411.0
703,2026-02-26T11:14:02+00:00,2026-02-26T11:19:56+00:00,5.9,82,40,173.0,375.0
704,2026-02-26T11:28:32+00:00,2026-02-26T11:33:32+00:00,5.0,69,28,119.0,375.0
705,2026-02-26T14:40:38+00:00,2026-02-26T15:51:04+00:00,70.43,1020,572,246.0,377.0
706,2026-02-26T20:53:22+00:00,2026-02-26T21:01:58+00:00,8.6,123,51,118.0,375.0
707,2026-02-27T06:55:08+00:00,2026-02-27T07:45:16+00:00,50.13,684,538,234.0,411.0
708,2026-02-27T11:17:30+00:00,2026-02-27T11:26:49+00:00,9.32,134,57,211.0,375.0
709,2026-02-27T11:38:27+00:00,2026-02-27T11:54:28+00:00,16.02,173,58,204.0,375.0
710,2026-02-27T14:58:27+00:00,2026-02-27T15:58:11+00:00,59.73,817,522,247.0,411.0
711,2026-03-02T07:23:12+00:00,2026-03-02T08:08:30+00:00,45.3,660,518,250.0,411.0
712,2026-03-02T11:09:00+00:00,2026-03-02T11:20:42+00:00,11.7,155,47,178.0,375.0
713,2026-03-02T11:47:45+00:00,2026-03-02T11:58:13+00:00,10.47,149,49,111.0,375.0
714,2026-03-02T16:41:45+00:00,2026-03-02T17:25:11+00:00,43.43,633,495,250.0,393.0
715,2026-03-03T07:49:20+00:00,2026-03-03T08:44:20+00:00,55.0,804,360,178.0,411.0
716,2026-03-03T11:33:53+00:00,2026-03-03T12:14:34+00:00,40.68,579,300,148.0,375.0
717,2026-03-04T05:55:04+00:00,2026-03-04T05:57:22+00:00,2.3,33,0,0.0,6.0
718,2026-03-04T13:56:55+00:00,2026-03-04T13:58:40+00:00,1.75,18,2,10.0,359.0
719,2026-03-05T15:32:29+00:00,2026-03-05T15:35:09+00:00,2.67,36,9,34.0,374.0
720,2026-03-09T07:09:50+00:00,2026-03-09T07:55:08+00:00,45.3,629,511,244.0,411.0
721,2026-03-09T11:35:06+00:00,2026-03-09T11:48:21+00:00,13.25,167,43,201.0,375.0
722,2026-03-09T12:08:16+00:00,2026-03-09T12:18:37+00:00,10.35,146,45,112.0,375.0
723,2026-03-09T15:26:22+00:00,2026-03-09T15:46:12+00:00,19.83,147,127,242.0,375.0
724,2026-03-09T15:53:38+00:00,2026-03-09T15:53:54+00:00,0.27,5,5,30.0,375.0
725,2026-03-09T16:02:56+00:00,2026-03-09T16:03:12+00:00,0.27,5,5,46.0,357.0
726,2026-03-10T07:10:21+00:00,2026-03-10T07:52:06+00:00,41.75,609,493,228.0,411.0
727,2026-03-10T10:41:44+00:00,2026-03-10T10:50:32+00:00,8.8,126,44,205.0,375.0
728,2026-03-10T10:56:17+00:00,2026-03-10T10:59:20+00:00,3.05,42,7,47.0,374.0
729,2026-03-10T11:11:48+00:00,2026-03-10T11:17:38+00:00,5.83,79,29,194.0,375.0
730,2026-03-10T15:53:51+00:00,2026-03-10T17:26:46+00:00,92.92,1301,686,203.0,376.0
731,2026-03-11T06:34:38+00:00,2026-03-11T07:45:44+00:00,71.1,1017,624,242.0,376.0
732,2026-03-11T11:24:26+00:00,2026-03-11T11:33:13+00:00,8.78,125,64,208.0,375.0
733,2026-03-11T11:49:31+00:00,2026-03-11T11:57:39+00:00,8.13,117,48,127.0,375.0
734,2026-03-11T16:11:36+00:00,2026-03-11T17:31:23+00:00,79.78,1118,610,221.0,411.0
735,2026-03-12T06:35:58+00:00,2026-03-12T07:40:58+00:00,65.0,948,643,255.0,411.0
736,2026-03-12T11:06:34+00:00,2026-03-12T11:18:54+00:00,12.33,157,58,205.0,409.0
737,2026-03-12T11:54:16+00:00,2026-03-12T12:03:05+00:00,8.82,127,81,178.0,375.0
738,2026-03-12T17:01:51+00:00,2026-03-12T18:08:40+00:00,66.82,928,544,242.0,411.0
739,2026-03-18T07:00:19+00:00,2026-03-18T07:07:23+00:00,7.07,102,76,201.0,376.0
740,2026-03-18T08:59:46+00:00,2026-03-18T09:02:23+00:00,2.62,36,4,16.0,409.0
741,2026-03-18T11:05:40+00:00,2026-03-18T11:08:39+00:00,2.98,42,28,27.0,376.0
742,2026-03-18T11:21:15+00:00,2026-03-18T11:48:23+00:00,27.13,392,198,216.0,375.0
743,2026-03-18T11:58:43+00:00,2026-03-18T12:13:56+00:00,15.22,198,102,161.0,375.0
744,2026-03-18T12:40:03+00:00,2026-03-18T12:42:39+00:00,2.6,33,7,198.0,374.0
745,2026-03-18T16:33:57+00:00,2026-03-18T16:45:41+00:00,11.73,169,52,198.0,375.0
746,2026-03-19T06:41:26+00:00,2026-03-19T07:01:58+00:00,20.53,298,167,187.0,411.0
747,2026-03-19T07:07:03+00:00,2026-03-19T07:09:36+00:00,2.55,33,8,26.0,410.0
748,2026-03-19T14:43:03+00:00,2026-03-19T14:50:36+00:00,7.55,65,0,4.0,359.0
749,2026-03-20T07:15:34+00:00,2026-03-20T07:17:48+00:00,2.23,27,4,20.0,374.0
750,2026-04-16T14:35:40+00:00,2026-04-16T14:56:50+00:00,21.17,290,111,210.0,375.0
751,2026-04-23T06:26:14+00:00,2026-04-23T06:30:31+00:00,4.28,55,14,25.0,410.0
752,2026-04-23T06:39:56+00:00,2026-04-23T06:40:58+00:00,1.03,4,0,0.0,10.0
753,2026-04-23T07:13:11+00:00,2026-04-23T07:13:11+00:00,0.0,1,0,0.0,10.0
754,2026-04-23T07:35:23+00:00,2026-04-23T07:35:23+00:00,0.0,1,0,0.0,10.0
755,2026-04-23T08:00:42+00:00,2026-04-23T08:05:31+00:00,4.82,31,10,15.0,374.0
756,2026-04-24T07:07:59+00:00,2026-04-24T07:07:59+00:00,0.0,1,0,0.0,6.0
757,2026-04-24T08:11:14+00:00,2026-04-24T08:47:06+00:00,35.87,474,202,210.0,375.0
758,2026-04-24T08:55:38+00:00,2026-04-24T08:57:55+00:00,2.28,30,0,2.0,360.0
759,2026-04-24T09:04:29+00:00,2026-04-24T09:06:10+00:00,1.68,22,0,0.0,5.0
760,2026-04-24T09:14:23+00:00,2026-04-24T09:20:16+00:00,5.88,32,0,1.0,14.0
761,2026-04-24T09:28:01+00:00,2026-04-24T09:35:01+00:00,7.0,102,19,129.0,375.0
762,2026-06-22T10:08:28+00:00,2026-06-22T10:16:40+00:00,8.2,121,37,181.0,376.0
763,2026-06-22T10:34:50+00:00,2026-06-22T10:43:11+00:00,8.35,125,52,169.0,376.0
764,2026-06-22T13:44:17+00:00,2026-06-22T14:26:15+00:00,41.97,608,442,172.0,376.0
765,2026-06-23T06:07:41+00:00,2026-06-23T07:01:09+00:00,53.47,708,501,248.0,376.0
766,2026-06-23T10:45:12+00:00,2026-06-23T10:54:06+00:00,8.9,126,50,198.0,376.0
767,2026-06-23T11:21:31+00:00,2026-06-23T11:30:15+00:00,8.73,123,55,175.0,376.0
768,2026-06-23T15:27:47+00:00,2026-06-23T16:40:32+00:00,72.75,927,550,248.0,377.0
769,2026-06-23T16:51:02+00:00,2026-06-23T16:57:39+00:00,6.62,94,35,112.0,376.0
770,2026-06-24T07:39:45+00:00,2026-06-24T07:41:12+00:00,1.45,18,1,21.0,374.0
771,2026-06-24T09:13:06+00:00,2026-06-24T09:31:23+00:00,18.28,185,64,211.0,376.0
772,2026-06-24T09:37:12+00:00,2026-06-24T09:51:06+00:00,13.9,205,65,196.0,376.0
773,2026-06-24T10:09:00+00:00,2026-06-24T10:11:04+00:00,2.07,27,2,18.0,375.0
774,2026-06-25T06:13:51+00:00,2026-06-25T06:59:39+00:00,45.8,669,442,243.0,376.0
775,2026-06-25T10:03:22+00:00,2026-06-25T10:12:55+00:00,9.55,138,63,215.0,376.0
776,2026-06-25T10:45:33+00:00,2026-06-25T10:55:28+00:00,9.92,142,56,113.0,376.0
777,2026-06-25T15:41:19+00:00,2026-06-25T16:25:21+00:00,44.03,642,483,236.0,377.0
778,2026-06-29T06:10:36+00:00,2026-06-29T06:53:35+00:00,42.98,627,482,255.0,412.0
779,2026-06-29T10:04:46+00:00,2026-06-29T10:14:12+00:00,9.43,135,36,224.0,376.0
780,2026-06-29T10:41:34+00:00,2026-06-29T10:50:22+00:00,8.8,124,39,154.0,375.0
781,2026-06-29T14:18:15+00:00,2026-06-29T15:15:01+00:00,56.77,829,531,236.0,377.0
782,2026-06-30T06:00:32+00:00,2026-06-30T06:45:18+00:00,44.77,652,485,249.0,376.0
783,2026-06-30T10:05:28+00:00,2026-06-30T10:10:06+00:00,4.63,66,16,200.0,375.0
784,2026-06-30T10:43:15+00:00,2026-06-30T10:56:12+00:00,12.95,119,39,127.0,375.0
785,2026-06-30T14:09:14+00:00,2026-06-30T15:20:31+00:00,71.28,967,575,193.0,377.0
786,2026-07-01T05:51:48+00:00,2026-07-01T05:59:25+00:00,7.62,109,53,100.0,375.0
787,2026-07-01T06:10:12+00:00,2026-07-01T06:57:54+00:00,47.7,690,384,255.0,412.0
788,2026-07-01T10:04:43+00:00,2026-07-01T10:13:37+00:00,8.9,128,54,179.0,375.0
789,2026-07-01T10:53:46+00:00,2026-07-01T11:03:37+00:00,9.85,139,63,199.0,375.0
790,2026-07-01T13:54:30+00:00,2026-07-01T14:52:06+00:00,57.6,841,526,254.0,411.0
791,2026-07-02T06:43:46+00:00,2026-07-02T06:51:56+00:00,8.17,115,46,147.0,375.0
792,2026-07-02T09:40:36+00:00,2026-07-02T09:41:48+00:00,1.2,15,2,15.0,374.0
793,2026-07-06T06:18:10+00:00,2026-07-06T07:00:04+00:00,41.9,613,512,230.0,380.0
794,2026-07-06T10:03:34+00:00,2026-07-06T10:13:09+00:00,9.58,136,49,213.0,375.0
795,2026-07-06T10:37:27+00:00,2026-07-06T10:47:32+00:00,10.08,144,50,101.0,375.0
796,2026-07-06T15:10:30+00:00,2026-07-06T16:00:13+00:00,49.72,726,528,254.0,377.0
797,2026-07-07T05:55:18+00:00,2026-07-07T06:45:53+00:00,50.58,737,496,255.0,412.0
798,2026-07-07T10:08:48+00:00,2026-07-07T10:24:10+00:00,15.37,223,49,230.0,376.0
799,2026-07-07T10:46:27+00:00,2026-07-07T10:56:54+00:00,10.45,147,52,135.0,376.0
800,2026-07-07T15:58:23+00:00,2026-07-07T16:51:06+00:00,52.72,758,490,244.0,390.0
801,2026-07-08T06:06:23+00:00,2026-07-08T06:29:10+00:00,22.78,306,119,162.0,376.0
802,2026-07-08T06:36:57+00:00,2026-07-08T07:10:18+00:00,33.35,485,389,214.0,376.0
803,2026-07-08T10:13:29+00:00,2026-07-08T10:23:46+00:00,10.28,148,48,206.0,376.0
804,2026-07-08T10:55:27+00:00,2026-07-08T11:05:07+00:00,9.67,137,32,129.0,376.0
805,2026-07-08T15:04:17+00:00,2026-07-08T16:01:16+00:00,56.98,812,522,218.0,377.0
806,2026-07-09T08:08:37+00:00,2026-07-09T08:47:50+00:00,39.22,570,473,255.0,411.0
807,2026-07-09T10:18:36+00:00,2026-07-09T10:29:29+00:00,10.88,158,86,186.0,376.0
808,2026-07-09T11:09:07+00:00,2026-07-09T11:19:49+00:00,10.7,155,60,221.0,376.0
809,2026-07-09T14:27:18+00:00,2026-07-09T15:21:01+00:00,53.72,783,539,252.0,376.0
810,2026-07-13T08:59:47+00:00,2026-07-13T09:01:14+00:00,1.45,18,1,16.0,374.0
811,2026-07-14T14:22:53+00:00,2026-07-14T14:25:29+00:00,2.6,31,1,19.0,374.0
